{
    "parameter_type": ["real"],
    "data": [
        {
            "path": "000000.png",
            "parameter": [1.1],
            "gt": "correct_000000.png"
        },
        {
            "path": "000000.png",
            "parameter": [2.2],
            "gt": "correct_000001.png"
        },
        {
            "path": "000000.png",
            "parameter": [3.3],
            "gt": "correct_000002.png"
        },
        {
            "path": "000001.png",
            "parameter": [0.8],
            "gt": "correct_000003.png"
        },
        {
            "path": "000001.png",
            "parameter": [0.6],
            "gt": "correct_000004.png"
        },
        {
            "path": "000001.png",
            "parameter": [0.4],
            "gt": "correct_000005.png"
        }
    ]
}