{
    "info": {
        "id": "otsu-binarization",
        "name": "大津の二値化",
        "explanation": "大津の二値化を実装するTaskです。",
        "start_date": "2023-11-27",
        "end_date": "2999-12-31",
        "answer_value_type": "image-1ch",
        "metric": "MAE",
        "input_data_type": "image-1ch",
        "multi_input_data": false,
        "type": "quest",
        "goal": 0.0,
        "timelimit_per_data": 1.0,
        "suspend": false
    }
}