{
    "info": {
        "id": "gamma-correction",
        "name": "明るさ補正(ガンマ補正)",
        "explanation": "ガンマ補正を実装するTaskです。",
        "start_date": "2023-12-2",
        "end_date": "2999-12-31",
        "answer_value_type": "image-3ch",
        "metric": "MAE",
        "input_data_type": "image-3ch",
        "multi_input_data": false,
        "type": "quest",
        "goal": 1.0,
        "timelimit_per_data": 1.0,
        "suspend": false
    }
}